"[""Ciara "",
""Plain White T's"",
""Counting Crows"",
""Kid Rock"",
""Lady Gaga"",
""U2"",
""Jack Johnson"",
""Jason Aldean"",
""Jamie Foxx "",
""Rascal Flatts"",
""Black Eyed Peas"",
""N Sync"",
""Mr. C The Slide Man"",
""Zac Brown Band"",
""Fergie"",
""Norah Jones"",
""Soulja Boy"",
""Beyonce "",
""Cupid"",
""Baby Bash "",
""Rihanna"",
""Jay Sean "",
""Ester Dean "",
""Jay-Z "",
""Cascada"",
""Michael Buble"",
""Sean Kingston"",
""Chris Brown"",
""Lil' Jon & East Side Boyz "",
""Beyonce"",
""Pink"",
""Kanye West "",
""Adam Sandler"",
""Michael Bubl√©"",
""Train"",
""Outkast"",
""Shakira "",
""Nelly"",
""Katy Perry"",
""Lee Ann Womack"",
""Pitbull"",
""Heartland"",
""Jason Mraz"",
""R. Kelly"",
""50 Cent"",
""Alan Jackson & Jimmy Buffett"",
""Lady Gaga "",
""T.I. "",
""Big & Rich"",
""Taylor Swift"",
""Flo Rida "",
""Jason Mraz & Colbie Caillat"",
""Keith Urban"",
""Tim McGraw"",
""Lady Antebellum"",
""Daft Punk"",
""Israel Kamakawiwo'ole Iz"""""",
""M.I.A."",
""Miley Cyrus"",
""Alan Jackson"",
""Flo Rida"",
""Justin Timberlake"",
""Trey Songz "",
""Michael Franti & Spearhead"",
""Metro Station"",
""LMFAO "",
""Elvis Crespo"",
""Timbaland"",
""Outkast "",
""Brad Paisley"",
""Ke$ha"",
""Britney Spears"",
""Boys Like Girls "",
""Rihanna "",
""Coldplay"",
""Old Crow Medicine Show"",
""T.I."",
""Josh Turner"",
""V.I.C."",
""Usher"",
""Usher "",
""Lifehouse"",
""Dave Matthews Band"",
""Ray Lamontagne"",
""Fabolous"",
""Felly"",
""Jay-Z"",
""Lil Jon"",
""T-Pain"",
""Wyclef Jean"",
""Ying Yang Twins"",
""Alicia Keys"",
""Colby O'Donis"",
""Dr. Dre"",
""Freedom Williams"",
""Jamie Foxx"",
""Lil Wayne"",
""Loletta Holloway"",
""Puff Daddy"",
""Rob Thomas"",
""Sleepy Brown"",
""Ludacris""]",,,,,,
,,,,,,
